,precision,recall,f1-score,support
0,0.4473684210526316,0.17346938775510204,0.25,196.0
1,0.4968944099378882,0.7920792079207921,0.6106870229007634,202.0
accuracy,0.48743718592964824,0.48743718592964824,0.48743718592964824,0.48743718592964824
macro avg,0.4721314154952599,0.48277429783794706,0.4303435114503817,398.0
weighted avg,0.4725047269692694,0.48743718592964824,0.43306225785415625,398.0
